INSERT INTO meeting_team(id, team_introduce, member_count, location, status, gender)
VALUES (UNHEX(REPLACE('018db9d2-01aa-42b3-1be1-04dc81a2ffdb', '-', '')), 'TEAM1', 2,
        'KONDAE_SEONGSU', 'WAITING', 'MAN'),
       (UNHEX(REPLACE('018db9d2-01aa-42b3-2be1-04dc81a2ffdb', '-', '')), 'TEAM2', 2,
        'KONDAE_SEONGSU', 'WAITING', 'MAN'),
       (UNHEX(REPLACE('018db9d2-01aa-42b3-3be1-04dc81a2ffdb', '-', '')), 'TEAM3', 2,
        'KONDAE_SEONGSU', 'WAITING', 'MAN'),
       (UNHEX(REPLACE('018db9d2-01aa-42b3-4be1-04dc81a2ffdb', '-', '')), 'TEAM4', 2,
        'KONDAE_SEONGSU', 'WAITING', 'MAN'),
       (UNHEX(REPLACE('018db9d2-01aa-42b3-5be1-04dc81a2ffdb', '-', '')), 'TEAM5', 2,
        'KONDAE_SEONGSU', 'WAITING', 'MAN'),
       (UNHEX(REPLACE('018db9d2-01aa-42b3-6be1-04dc81a2ffdb', '-', '')), 'TEAM6', 2,
        'GANGNAM_JAMSIL', 'WAITING', 'WOMAN'),
       (UNHEX(REPLACE('018db9d2-01aa-42b3-7be1-04dc81a2ffdb', '-', '')), 'TEAM7', 2,
        'GANGNAM_JAMSIL', 'WAITING', 'WOMAN'),
       (UNHEX(REPLACE('018db9d2-01aa-42b3-8be1-04dc81a2ffdb', '-', '')), 'TEAM8', 2,
        'GANGNAM_JAMSIL', 'WAITING', 'WOMAN'),
       (UNHEX(REPLACE('018db9d2-01aa-42b3-9be1-04dc81a2ffdb', '-', '')), 'TEAM9', 2,
        'GANGNAM_JAMSIL', 'WAITING', 'WOMAN'),
       (UNHEX(REPLACE('018db9d2-01aa-42b3-0be1-04dc81a2ffdb', '-', '')), 'TEAM0', 2,
        'GANGNAM_JAMSIL', 'WAITING', 'WOMAN');

INSERT INTO meeting_member(id, meeting_team_id, user_id, role)
VALUES (UNHEX(REPLACE('018db06e-c6d8-7407-07d0-77a1dff25b2a', '-', '')),
        UNHEX(REPLACE('018db9d2-01aa-42b3-1be1-04dc81a2ffdb', '-', '')),
        UNHEX(REPLACE('018db06e-c6d8-7407-07d0-77a1dff25b2a', '-', '')), 'LEADER'),
       (UNHEX(REPLACE('018db06e-c6d8-7407-17d0-77a1dff25b2a', '-', '')),
        UNHEX(REPLACE('018db9d2-01aa-42b3-1be1-04dc81a2ffdb', '-', '')),
        UNHEX(REPLACE('018db06e-c6d8-7407-17d0-77a1dff25b2a', '-', '')), 'MEMBER'),
       (UNHEX(REPLACE('018db06e-c6d8-7407-27d0-77a1dff25b2a', '-', '')),
        UNHEX(REPLACE('018db9d2-01aa-42b3-2be1-04dc81a2ffdb', '-', '')),
        UNHEX(REPLACE('018db06e-c6d8-7407-27d0-77a1dff25b2a', '-', '')), 'LEADER'),
       (UNHEX(REPLACE('018db06e-c6d8-7407-37d0-77a1dff25b2a', '-', '')),
        UNHEX(REPLACE('018db9d2-01aa-42b3-2be1-04dc81a2ffdb', '-', '')),
        UNHEX(REPLACE('018db06e-c6d8-7407-37d0-77a1dff25b2a', '-', '')), 'MEMBER'),
       (UNHEX(REPLACE('018db06e-c6d8-7407-47d0-77a1dff25b2a', '-', '')),
        UNHEX(REPLACE('018db9d2-01aa-42b3-3be1-04dc81a2ffdb', '-', '')),
        UNHEX(REPLACE('018db06e-c6d8-7407-47d0-77a1dff25b2a', '-', '')), 'LEADER'),
       (UNHEX(REPLACE('018db06e-c6d8-7407-57d0-77a1dff25b2a', '-', '')),
        UNHEX(REPLACE('018db9d2-01aa-42b3-3be1-04dc81a2ffdb', '-', '')),
        UNHEX(REPLACE('018db06e-c6d8-7407-57d0-77a1dff25b2a', '-', '')), 'MEMBER'),
       (UNHEX(REPLACE('018db06e-c6d8-7407-67d0-77a1dff25b2a', '-', '')),
        UNHEX(REPLACE('018db9d2-01aa-42b3-4be1-04dc81a2ffdb', '-', '')),
        UNHEX(REPLACE('018db06e-c6d8-7407-67d0-77a1dff25b2a', '-', '')), 'LEADER'),
       (UNHEX(REPLACE('018db06e-c6d8-7407-77d0-77a1dff25b2a', '-', '')),
        UNHEX(REPLACE('018db9d2-01aa-42b3-4be1-04dc81a2ffdb', '-', '')),
        UNHEX(REPLACE('018db06e-c6d8-7407-77d0-77a1dff25b2a', '-', '')), 'MEMBER'),
       (UNHEX(REPLACE('018db06e-c6d8-7407-87d0-77a1dff25b2a', '-', '')),
        UNHEX(REPLACE('018db9d2-01aa-42b3-5be1-04dc81a2ffdb', '-', '')),
        UNHEX(REPLACE('018db06e-c6d8-7407-87d0-77a1dff25b2a', '-', '')), 'LEADER'),
       (UNHEX(REPLACE('018db06e-c6d8-7407-97d0-77a1dff25b2a', '-', '')),
        UNHEX(REPLACE('018db9d2-01aa-42b3-5be1-04dc81a2ffdb', '-', '')),
        UNHEX(REPLACE('018db06e-c6d8-7407-97d0-77a1dff25b2a', '-', '')), 'MEMBER'),
       (UNHEX(REPLACE('018db06e-c6d8-7407-8700-77a1dff25b2a', '-', '')),
        UNHEX(REPLACE('018db9d2-01aa-42b3-6be1-04dc81a2ffdb', '-', '')),
        UNHEX(REPLACE('018db06e-c6d8-7407-8700-77a1dff25b2a', '-', '')), 'LEADER'),
       (UNHEX(REPLACE('018db06e-c6d8-7407-8710-77a1dff25b2a', '-', '')),
        UNHEX(REPLACE('018db9d2-01aa-42b3-6be1-04dc81a2ffdb', '-', '')),
        UNHEX(REPLACE('018db06e-c6d8-7407-8710-77a1dff25b2a', '-', '')), 'MEMBER'),
       (UNHEX(REPLACE('018db06e-c6d8-7407-8720-77a1dff25b2a', '-', '')),
        UNHEX(REPLACE('018db9d2-01aa-42b3-7be1-04dc81a2ffdb', '-', '')),
        UNHEX(REPLACE('018db06e-c6d8-7407-8720-77a1dff25b2a', '-', '')), 'LEADER'),
       (UNHEX(REPLACE('018db06e-c6d8-7407-8730-77a1dff25b2a', '-', '')),
        UNHEX(REPLACE('018db9d2-01aa-42b3-7be1-04dc81a2ffdb', '-', '')),
        UNHEX(REPLACE('018db06e-c6d8-7407-8730-77a1dff25b2a', '-', '')), 'MEMBER'),
       (UNHEX(REPLACE('018db06e-c6d8-7407-8740-77a1dff25b2a', '-', '')),
        UNHEX(REPLACE('018db9d2-01aa-42b3-8be1-04dc81a2ffdb', '-', '')),
        UNHEX(REPLACE('018db06e-c6d8-7407-8740-77a1dff25b2a', '-', '')), 'LEADER'),
       (UNHEX(REPLACE('018db06e-c6d8-7407-8750-77a1dff25b2a', '-', '')),
        UNHEX(REPLACE('018db9d2-01aa-42b3-8be1-04dc81a2ffdb', '-', '')),
        UNHEX(REPLACE('018db06e-c6d8-7407-8750-77a1dff25b2a', '-', '')), 'MEMBER'),
       (UNHEX(REPLACE('018db06e-c6d8-7407-8760-77a1dff25b2a', '-', '')),
        UNHEX(REPLACE('018db9d2-01aa-42b3-9be1-04dc81a2ffdb', '-', '')),
        UNHEX(REPLACE('018db06e-c6d8-7407-8760-77a1dff25b2a', '-', '')), 'LEADER'),
       (UNHEX(REPLACE('018db06e-c6d8-7407-8770-77a1dff25b2a', '-', '')),
        UNHEX(REPLACE('018db9d2-01aa-42b3-9be1-04dc81a2ffdb', '-', '')),
        UNHEX(REPLACE('018db06e-c6d8-7407-8770-77a1dff25b2a', '-', '')), 'MEMBER'),
       (UNHEX(REPLACE('018db06e-c6d8-7407-8780-77a1dff25b2a', '-', '')),
        UNHEX(REPLACE('018db9d2-01aa-42b3-0be1-04dc81a2ffdb', '-', '')),
        UNHEX(REPLACE('018db06e-c6d8-7407-8780-77a1dff25b2a', '-', '')), 'LEADER'),
       (UNHEX(REPLACE('018db06e-c6d8-7407-8790-77a1dff25b2a', '-', '')),
        UNHEX(REPLACE('018db9d2-01aa-42b3-0be1-04dc81a2ffdb', '-', '')),
        UNHEX(REPLACE('018db06e-c6d8-7407-8790-77a1dff25b2a', '-', '')), 'MEMBER');

INSERT INTO meeting_team_member_summary(id, meeting_team_id, team_mbti, youngest_member_birth_year,
                                        oldest_member_birth_year, created_at)
VALUES (UNHEX(REPLACE('018db06e-c6d8-7407-07d0-77a1dff25b2a', '-', '')),
        UNHEX(REPLACE('018db9d2-01aa-42b3-1be1-04dc81a2ffdb', '-', '')), 'ESTJ', 2000, 2000,
        '2024-02-14 01:15:52.445563'),
       (UNHEX(REPLACE('018db06e-c6d8-7407-17d0-77a1dff25b2a', '-', '')),
        UNHEX(REPLACE('018db9d2-01aa-42b3-2be1-04dc81a2ffdb', '-', '')), 'ESTJ', 2000, 2000,
        '2024-02-14 01:15:52.445563'),
       (UNHEX(REPLACE('018db06e-c6d8-7407-27d0-77a1dff25b2a', '-', '')),
        UNHEX(REPLACE('018db9d2-01aa-42b3-3be1-04dc81a2ffdb', '-', '')), 'ESTJ', 2000, 2000,
        '2024-02-14 01:15:52.445563'),
       (UNHEX(REPLACE('018db06e-c6d8-7407-37d0-77a1dff25b2a', '-', '')),
        UNHEX(REPLACE('018db9d2-01aa-42b3-4be1-04dc81a2ffdb', '-', '')), 'ESTJ', 2000, 2000,
        '2024-02-14 01:15:52.445563'),
       (UNHEX(REPLACE('018db06e-c6d8-7407-47d0-77a1dff25b2a', '-', '')),
        UNHEX(REPLACE('018db9d2-01aa-42b3-5be1-04dc81a2ffdb', '-', '')), 'ESTJ', 2000, 2000,
        '2024-02-14 01:15:52.445563'),
       (UNHEX(REPLACE('018db06e-c6d8-7407-57d0-77a1dff25b2a', '-', '')),
        UNHEX(REPLACE('018db9d2-01aa-42b3-6be1-04dc81a2ffdb', '-', '')), 'ESTJ', 2000, 2000,
        '2024-02-14 01:15:52.445563'),
       (UNHEX(REPLACE('018db06e-c6d8-7407-67d0-77a1dff25b2a', '-', '')),
        UNHEX(REPLACE('018db9d2-01aa-42b3-7be1-04dc81a2ffdb', '-', '')), 'ESTJ', 2000, 2000,
        '2024-02-14 01:15:52.445563'),
       (UNHEX(REPLACE('018db06e-c6d8-7407-77d0-77a1dff25b2a', '-', '')),
        UNHEX(REPLACE('018db9d2-01aa-42b3-8be1-04dc81a2ffdb', '-', '')), 'ESTJ', 2000, 2000,
        '2024-02-14 01:15:52.445563'),
       (UNHEX(REPLACE('018db06e-c6d8-7407-87d0-77a1dff25b2a', '-', '')),
        UNHEX(REPLACE('018db9d2-01aa-42b3-9be1-04dc81a2ffdb', '-', '')), 'ESTJ', 2000, 2000,
        '2024-02-14 01:15:52.445563'),
       (UNHEX(REPLACE('018db06e-c6d8-7407-97d0-77a1dff25b2a', '-', '')),
        UNHEX(REPLACE('018db9d2-01aa-42b3-0be1-04dc81a2ffdb', '-', '')), 'ESTJ', 2000, 2000,
        '2024-02-14 01:15:52.445563');
